,subID,loglik_standard,AIC_standard,BIC_standard,eta_standard,sigma_standard,loglik_ppd,AIC_ppd,BIC_ppd,eta_ppd,sigma_ppd,loglik_ppdAttack,AIC_ppdAttack,BIC_ppdAttack,eta_ppdAttack,sigma_ppdAttack,loglik_wflb,AIC_wflb,BIC_wflb,eta_wflb,sigma_wflb
0,16,-63.232464768740144,130.4649295374803,134.58581555857313,0.0,0.4845577511121804,-57.231319731565456,118.46263946313091,122.58352548422376,0.31053790498028194,0.4448330338873408,-78.08053299538234,160.16106599076468,164.28195201185753,0.08704731749742402,0.9339394044913777,-60.96232818320522,125.92465636641045,130.04554238750327,0.022038357546564576,0.4711054684631375
1,61,-104.09751432427835,212.1950286485567,216.2811311842258,0.053706369735882165,1.5704299394556493,-110.98346888812205,225.9669377762441,230.0530403119132,0.08402288497260142,2.0689075281683444,-110.77229139360179,225.54458278720358,229.6306853228727,0.0,2.0920378511666353,-113.45124621417247,230.90249242834494,234.98859496401406,0.0,2.257509197789829
2,46,-81.04774931846919,166.09549863693837,170.0360824640426,0.25476843974375735,1.1522605639986967,-96.15270463912142,196.30540927824285,200.24599310534708,0.03199117900790945,1.694880760700528,-101.42568555409892,206.85137110819784,210.79195493530207,0.014724966665387123,2.0879844533894496,-98.13028961507605,200.2605792301521,204.20116305725634,0.0,1.8140281093867723
3,13,-98.5835288556416,201.1670577112832,205.03070897673186,0.1002480289992282,2.064120215676504,-103.15418785132681,210.30837570265362,214.17202696810227,0.1,2.6660216231685103,-104.69957715743121,213.39915431486241,217.26280558031107,1.0,3.178668248826695,-103.15418785132681,210.30837570265362,214.17202696810227,0.1,2.6660216231685103
4,31,-94.88964812238927,193.77929624477855,197.9001822658714,0.8313811422743922,1.299146686083484,-89.9935903369201,183.9871806738402,188.10806669493303,0.09389177404722993,1.1699276306539623,-84.46623715141322,172.93247430282645,177.0533603239193,0.12506506870906547,1.0533214889506302,-93.83192860490192,191.66385720980384,195.78474323089668,0.0873555640589683,1.2664223112872768
5,45,-84.08258243931938,172.16516487863876,175.7784898581794,0.8540696588994902,1.6523596080794032,-79.8291168592225,163.658233718445,167.27155869798563,0.16919965833401526,1.4808294699525926,-75.78929241754028,155.57858483508056,159.1919098146212,0.14003845020306727,1.3433022941976875,-84.32066791312258,172.64133582624515,176.2546608057858,0.0,1.6745984491594506
6,50,-25.922929645687475,55.84585929137495,59.966745312467786,0.6678027160492064,0.42053895761399246,-38.23789044375956,80.47578088751912,84.59666690861197,0.0036492624866393663,0.4934212992439683,-55.06026969219261,114.12053938438522,118.24142540547807,0.0,0.6395233663002423,-37.03622700872316,78.07245401744632,82.19334003853916,0.020078236442491265,0.47681366225606997
7,77,-55.404082244363146,114.80816448872629,118.82283085919123,0.04353798097905649,0.6631292967603294,-74.66970844616978,153.33941689233956,157.3540832628045,0.29304242755593723,0.948027058958806,-71.28443163346334,146.56886326692668,150.58352963739162,0.22346294154352006,0.8900597669012741,-74.78942818922734,153.57885637845467,157.5935227489196,0.0,0.9501680168436349
8,59,-89.97434451794844,183.94868903589688,188.06957505698972,0.08545688968442047,1.149326716090532,-100.23856708888785,204.4771341777757,208.59802019886854,0.07317504681065685,1.4950472070027145,-103.02714702867523,210.05429405735046,214.1751800784433,0.06310475576805748,1.6734129972544118,-101.70742200675184,207.41484401350368,211.53573003459653,0.060269106965359115,1.5439071467627266
9,69,-110.79708554551516,225.59417109103032,229.68027362669943,0.20902278199372779,2.0944416862000335,-111.54632747896746,227.0926549579349,231.17875749360402,0.0439203162269584,2.1742748023426364,-112.97514377387837,229.95028754775674,234.03639008342586,0.35634990034230696,2.39378983480025,-109.35398228661901,222.70796457323803,226.79406710890714,0.14825771556364747,1.9847027885801622
10,5,-75.63195055857325,155.2639011171465,159.35000365281562,0.49806960252436633,0.912093069337591,-76.92563826547716,157.85127653095432,161.93737906662344,0.11273357492020175,0.933180424776695,-85.00582030813105,174.0116406162621,178.0977431519312,0.0,1.0802479833313094,-78.26112032230378,160.52224064460756,164.60834318027668,0.0,0.9553965880106056
11,66,-91.939371701379,187.878743402758,191.99962942385085,0.4583488149045474,1.199820629466701,-91.76766546605577,187.53533093211155,191.6562169532044,0.08166973933998657,1.1917650381482054,-99.32014654289567,202.64029308579134,206.76117910688419,0.21970174217082689,1.3879203043188713,-98.10347882888955,200.2069576577791,204.32784367887194,0.0,1.3569357485459772
12,25,-82.49951606124853,168.99903212249706,173.1199181435899,0.46703415203922427,1.0476981132895322,-82.83054574624256,169.66109149248513,173.78197751357797,0.022225980627372768,1.059505064241309,-86.75288742636202,177.50577485272404,181.6266608738169,0.023886565493844648,1.1738892967840746,-94.68887022089224,193.37774044178448,197.49862646287733,0.014783585036498315,1.3931067771012402
13,58,-73.94683463107022,151.89366926214043,155.97977179780955,0.049873725308739826,0.8881510064224633,-106.1689405428446,216.3378810856892,220.4239836213583,0.009171311052621126,1.8967919828614441,-110.93583831743973,225.87167663487946,229.95777917054858,0.033036082015743345,2.2306392472566188,-106.1824001650892,216.3648003301784,220.45090286584752,0.0,1.8989697741140719
14,37,-83.29888983487912,170.59777966975824,174.61244604022318,0.005599801256634918,1.1036599702006558,-95.23746080157558,194.47492160315116,198.4895879736161,0.0,1.4426733711414226,-100.75568541141894,205.51137082283788,209.5260371933028,0.0,1.632690609071612,-93.11496137236271,190.22992274472543,194.24458911519037,0.07861092073209652,1.38806101722297
15,55,-91.51751887254751,187.03503774509502,191.01300583822356,0.10672129868402512,1.3376581665353027,-115.01317029299474,234.0263405859895,238.00430867911803,0.9302883791014228,4.556271766808916,-108.13136235045526,220.26272470091052,224.24069279403906,0.030926612699315053,2.339311998289863,-105.13024038201328,214.26048076402657,218.2384488571551,0.11450676661195291,2.1156071646267374
16,26,-7.062913211587619,18.12582642317524,18.28470950653491,0.9499858596459119,0.7513259365395852,-7.176201259383002,18.352402518766006,18.511285602125675,0.00039022443945041274,0.817441774979951,-8.073440048460142,20.146880096920285,20.305763180279957,0.011128977957430522,0.9414794258924535,-6.749032041446732,17.498064082893464,17.656947166253136,0.0514058252562448,0.7543856775748207
17,39,-66.1655910859584,136.3311821719168,140.4172847075859,0.355100279488381,1.01629074165549,-93.43648052275327,190.87296104550654,194.95906358117566,0.09923648965713319,2.0951305778519678,-100.48141305992651,204.96282611985302,209.04892865552213,1.0,2.6057946655699205,-84.72973893230011,173.45947786460022,177.54558040026933,0.5370578870987675,1.6085807871021778
18,9,-84.58305772379445,173.1661154475889,177.2168188290592,0.27642043091961194,1.1844867790275808,-100.64689401157673,205.29378802315347,209.34449140462377,0.0053180032755837554,1.8654248785621843,-101.47901006091215,206.9580201218243,211.0087235032946,0.0,1.9539694035926314,-100.91514927269239,205.83029854538478,209.88100192685508,0.009305169780700862,1.9708170518016717
19,54,-86.59003557230082,177.18007114460164,181.26617368027075,0.03495774971285451,1.124066856725819,-105.2200163771908,214.4400327543816,218.52613529005072,0.0,1.8560014922969847,-107.80485471770828,219.60970943541656,223.69581197108567,0.0,2.1249349011294805,-104.64530740892663,213.29061481785325,217.37671735352237,0.11694836535313057,1.8020860613243814
20,85,-125.7693026218351,255.5386052436702,259.659491264763,0.1377985392237347,4.250803373623195,-126.68399274175104,257.3679854835021,261.4888715045949,0.031792787776929274,9.971491514584246,-125.05835797429549,254.11671594859098,258.2376019696838,0.011715925161996332,4.207945855739398,-126.25976429459867,256.5195285891973,260.6404146102902,0.058865212176286125,5.426612880691246
21,15,-50.34777035581145,104.6955407116229,108.21794094301002,0.04304439531653794,0.780431716705643,-81.93196927875948,167.86393855751896,171.3863387889061,0.0,2.0304175116538947,-83.79681166796816,171.59362333593631,175.11602356732345,0.0,2.1607782036163865,-81.0311570147292,166.0623140294584,169.58471426084554,0.09530901042010635,1.9904491333976868
22,10,-52.809715803804174,109.61943160760835,113.52191904477121,0.4460600867859613,0.6684621425482977,-55.28160945371693,114.56321890743386,118.46570634459673,0.11950055487893887,0.7010274597156295,-59.14489337450152,122.28978674900304,126.1922741861659,0.0915252927923992,0.7567198014051209,-57.69060275302022,119.38120550604044,123.2836929432033,0.0,0.7343599868566681
23,57,-88.12676567614639,180.25353135229278,183.99593337410857,0.002153276204259116,1.5685207872497886,-93.74773199345874,191.49546398691749,195.23786600873328,0.047442588612855954,1.99743226546955,-97.31589590828666,198.63179181657333,202.37419383838912,0.04587589031170936,2.438765769299558,-94.21998340117408,192.43996680234815,196.18236882416394,0.0,2.055568027983036
24,20,-82.67924666574643,169.35849333149287,173.2609807686557,0.15513594338724004,1.1904081717712685,-101.89761657705981,207.79523315411961,211.69772059128246,0.012818927274375657,2.155911251663063,-104.22933935194051,212.45867870388102,216.36116614104387,0.014008646661488797,2.379858334047803,-108.2728417009589,220.5456834019178,224.44817083908066,0.7304797850085559,3.4037475482814323
25,80,-92.57007128933985,189.1401425786797,192.61548181524643,1.0,10.0,-92.57007128933985,189.1401425786797,192.61548181524643,0.0,10.0,-92.81818986654197,189.63637973308394,193.11171896965067,0.0,10.0,-92.35310798455586,188.70621596911172,192.18155520567845,1.0,10.0
26,30,-101.2210526237412,206.4421052474824,210.30575651293105,0.5403805406206181,2.0506852391287267,-99.25874024296098,202.51748048592196,206.38113175137062,0.06413061164331856,1.9479020621465,-102.32392692690661,208.64785385381322,212.51150511926187,0.06822144743417508,2.2016653365611942,-99.63158277727375,203.2631655545475,207.12681681999615,0.15259629834179325,2.0487043438478922
27,63,-47.385236184932346,98.77047236986469,102.59451838072098,0.2769283281259181,0.6242062034042652,-73.6726526972999,151.3453053945998,155.16935140545607,0.02322790974802694,1.0685630330771516,-78.44483487387515,160.8896697477503,164.71371575860658,0.016587781894591428,1.204022656490436,-80.06086382467993,164.12172764935985,167.94577366021613,0.01917113209360887,1.25840184756021
28,34,-90.34416379081009,184.68832758162017,188.80921360271302,0.4159158494259743,1.4268151158238844,-101.72858978408713,207.45717956817427,211.5780655892671,0.0,2.100702804091942,-104.80225473986218,213.60450947972436,217.7253955008172,0.0,2.206471012822667,-97.4500495575367,198.9000991150734,203.02098513616625,0.1762034353297442,1.8582175930587475
29,86,-102.05056752230281,208.10113504460563,211.96478631005428,0.01609139704752043,2.063551276721373,-108.57231553956763,221.14463107913525,225.0082823445839,0.0,2.934731113187368,-110.962702100864,225.925404201728,229.78905546717667,0.07292031836872946,4.514847089223758,-108.11103679308358,220.22207358616717,224.08572485161582,0.47231951177246884,2.855926583671416
30,78,-85.20656419760003,174.41312839520006,178.49923093086917,0.04122196220980861,1.1020223501900186,-88.02581256941093,180.05162513882186,184.13772767449098,0.21481263694360542,1.1665390904578992,-86.48308264520482,176.96616529040963,181.05226782607875,0.0,1.1262024086977471,-87.06774759637119,178.13549519274238,182.2215977284115,0.4080649785846262,1.1441545027706241
31,7,-77.43780416179288,158.87560832358577,162.9964943446786,0.4878635807369272,0.9200928593947284,-69.8239267263326,143.6478534526652,147.76873947375805,0.03260245517414231,0.8069877266174003,-80.6512117318582,165.3024234637164,169.42330948480924,0.032329313206583866,0.9781435613060856,-92.25714625194496,188.51429250388992,192.63517852498276,0.0,1.2182764472750531
32,70,-69.43134450570001,142.86268901140002,146.94879154706913,0.05493078750319419,0.8180386593884446,-91.97427256320962,187.94854512641925,192.03464766208836,0.035210833384179484,1.2389153681507061,-92.57280766052884,189.14561532105768,193.2317178567268,0.025299856007675082,1.2551443052379416,-101.20387161746308,206.40774323492616,210.49384577059527,0.024192010240149994,1.577913541219174
33,17,-66.70752700350462,137.41505400700925,141.5359400281021,0.8645934181157071,0.7644409577455825,-66.81088135294448,137.62176270588895,141.7426487269818,0.0,0.7658325699406461,-65.79779851175618,135.59559702351237,139.7164830446052,0.010449187252982167,0.7525589415732425,-66.8108813529447,137.6217627058894,141.74264872698225,0.0,0.7658326974696603
34,11,-41.4003968639805,86.800793727961,90.92167974905384,0.1945120190840822,0.4941476589875566,-71.70847230676436,147.41694461352873,151.53783063462157,0.031566962099847856,0.840345931211549,-77.84334059683287,159.68668119366575,163.8075672147586,0.029822952379009757,0.9681144117136377,-79.91921573113392,163.83843146226783,167.95931748336068,0.0,0.9960894167782579
35,14,-63.34305513648594,130.68611027297186,134.7368136544422,0.2411636130503245,0.7524963163973284,-77.00664231792138,158.01328463584275,162.06398801731305,0.023108841132280594,0.9755373285403317,-78.16595264120778,160.33190528241556,164.38260866388586,0.02380397564698896,1.024297989143387,-83.83394652229919,171.66789304459837,175.71859642606867,0.0,1.1239703745767229
36,51,-64.93329893071504,133.86659786143008,137.88126423189502,0.22924962511709918,0.7924459786082845,-69.2286309620039,142.4572619240078,146.47192829447275,0.14421833789641955,0.8603336087922061,-79.9164121149347,163.8328242298694,167.84749060033434,0.127136180380543,1.0810373966863822,-79.55407257886664,163.10814515773328,167.1228115281982,0.0,1.0701414672257226
37,88,-51.535309700543515,107.07061940108703,111.19150542217987,0.5040465125776292,0.595007796538777,-62.98959535953277,129.97919071906554,134.10007674015839,0.009396643474971447,0.7249304443401475,-65.92741054052554,135.85482108105109,139.97570710214393,0.010322294245048024,0.7714460311968118,-64.49183745038444,132.98367490076888,137.10456092186172,0.011098045265605445,0.7447682361572053
38,32,-98.42085099396826,200.84170198793652,204.96258800902936,0.03560865739884855,1.3376611568650916,-123.54912477297992,251.09824954595985,255.2191355670527,0.4618652524286252,3.96971728441684,-114.01895764192432,232.03791528384863,236.15880130494148,0.0,2.0367443289318743,-114.59532795651657,233.19065591303314,237.31154193412598,0.0,2.051393107301847
39,92,-81.48310179525149,166.96620359050297,171.08708961159581,0.36450176297567444,1.0226445298734208,-91.18747993781467,186.37495987562934,190.4958458967222,0.018297672290971897,1.2435659423955756,-93.82917355772351,191.65834711544701,195.77923313653986,0.025323983290747025,1.3300043491427083,-92.8408265218,189.6816530436,193.80253906469284,0.007673872122193293,1.3079246374880171
40,27,-35.602248859587505,75.20449771917501,79.32538374026785,0.16449668431831735,0.4726745383851855,-37.01215567796513,78.02431135593027,82.14519737702311,0.3403345529605317,0.4788895846631712,-72.22994909399395,148.4598981879879,152.58078420908075,0.9999766399209562,0.841610759057755,-41.93968643302027,87.87937286604054,92.00025888713338,0.10712321485084961,0.5094066212386161
41,12,-27.194672098975204,58.38934419795041,62.510230219043244,0.17821425309714142,0.4024871040401186,-49.537033116196916,103.07406623239383,107.19495225348668,0.16719667973814353,0.5750723750903768,-65.3695660770179,134.7391321540358,138.86001817512863,0.29980433733240863,0.7480797234222084,-50.943769343004114,105.88753868600823,110.00842470710107,0.021336643098666862,0.5888209496498398
42,24,-99.03751040567263,202.07502081134527,206.16112334701438,0.06991261906780821,1.5366122466530208,-119.03099671061108,242.06199342122216,246.14809595689127,0.9494480343758542,3.7339936511935288,-120.07030678192542,244.14061356385085,248.22671609951996,1.0,4.154426764681184,-116.49841328619382,236.99682657238765,241.08292910805676,0.09961526994646368,2.9467022767300985
43,76,-99.34721229169614,202.69442458339228,206.7805271190614,0.06592970958004264,1.4139069124013597,-115.15727101409881,234.31454202819762,238.40064456386673,0.013203828711603898,2.529112617289735,-115.66656293784631,235.33312587569262,239.41922841136173,0.09602867334745335,2.8312530115105967,-118.12411546612665,240.2482309322533,244.33433346792242,0.520629048881643,3.151887403056224
44,42,-34.770272144848185,73.54054428969637,77.19782708267456,0.19170342610967414,0.5184952361921717,-55.57066653505558,115.14133307011116,118.79861586308935,0.03810194840868132,0.8200736591697045,-61.331194706170166,126.66238941234033,130.3196722053185,0.047519412427617626,0.9629465624471871,-63.65524392627504,131.31048785255007,134.96777064552828,0.0,1.0099638222464031
45,60,-125.72224471880708,255.44448943761415,259.56537545870697,0.0,4.690226332468494,-127.6584399451221,259.3168798902442,263.437765911337,0.0,10.0,-127.7682385171638,259.5364770343276,263.65736305542043,0.0,10.0,-127.61110505123958,259.22221010247915,263.34309612357197,0.5742275838050617,10.0
46,71,-39.40592322642865,82.8118464528573,86.8979489885264,0.2970436563928788,0.479818330569586,-45.76508814231087,95.53017628462175,99.61627882029084,0.18597215844027287,0.5448957994617203,-57.52770291095722,119.05540582191443,123.14150835758353,0.360458229955189,0.6656263150276521,-60.626315492470454,125.25263098494091,129.33873352061002,0.0,0.7017996612028531
47,48,-39.348191396721845,82.69638279344369,86.81726881453653,0.0715280792416843,0.490587159811313,-51.674580466972756,107.34916093394551,111.47004695503836,0.0304295149410328,0.5948424817077206,-68.65635398664685,141.3127079732937,145.43359399438654,0.057619614918754676,0.7952263537699632,-55.19388753844173,114.38777507688346,118.5086610979763,0.03330099255493983,0.629897338627536
48,21,-42.63668944905146,89.27337889810292,92.6511378063308,0.6331346339600223,0.7220015045004374,-48.93864589929903,101.87729179859807,105.25505070682594,0.06344507513957945,0.8878193775780808,-51.411518996522865,106.82303799304573,110.2007969012736,0.06749922853167416,0.962729373237379,-49.57586885548404,103.15173771096808,106.52949661919595,0.01139736670876931,0.8866517550337489
49,56,-58.574360841125994,121.14872168225199,125.26960770334483,0.2651055922709904,0.7762902975375877,-75.98306969949104,155.96613939898208,160.08702542007492,0.0,1.161881778213838,-80.68903213053768,165.37806426107537,169.4989502821682,0.010194397589634826,1.2632573315356626,-72.9975322842409,149.9950645684818,154.11595058957465,0.6163436520156568,1.0744374428732575
50,62,-110.40287378295194,224.80574756590389,228.62979357676016,0.2276348658801803,10.0,-110.44036661411096,224.8807332282219,228.7047792390782,0.0,10.0,-110.51988714102959,225.03977428205917,228.86382029291545,0.0,10.0,-110.4282129264925,224.856425852985,228.6804718638413,0.0318440632946073,10.0
51,52,-64.93464500534913,133.86929001069825,137.91999339216855,0.0,1.1164430752712082,-118.41950665049102,240.83901330098203,244.88971668245233,1.0,4.784407994565262,-119.81306772652746,243.62613545305493,247.67683883452523,1.0,5.296930458793648,-102.15346281427203,208.30692562854406,212.35762901001436,0.07183205586104308,2.5507800436572285
52,83,-123.7517381787247,251.5034763574494,255.5895788931185,0.7171796900335933,3.8657263795979038,-123.87344745328227,251.74689490656453,255.83299744223365,0.0,4.123214767149642,-124.68944422576621,253.37888845153242,257.46499098720153,0.0,5.462139847302056,-122.81538164060225,249.6307632812045,253.71686581687362,0.8678793936911479,3.8168928189469398
53,89,-102.38917071973147,208.77834143946293,212.86444397513205,0.25964399069552474,1.5164134971333258,-108.39469242710555,220.7893848542111,224.87548738988022,0.032318686930362744,1.8280606833787274,-118.81558791292353,241.63117582584707,245.71727836151618,0.4878131013670042,3.2940816907806894,-113.42242617910445,230.8448523582089,234.930954893878,0.01810843834431756,2.2494646374796723
54,8,-34.65060542967974,73.30121085935949,77.42209688045233,0.26017108735813227,0.4594901881511012,-80.46387856097485,164.9277571219497,169.04864314304254,0.042069997792322816,1.0049086455999032,-81.33053990623094,166.66107981246188,170.78196583355472,0.04873907700088991,1.0347076660690266,-95.10754622742664,194.21509245485328,198.33597847594612,0.0,1.393216894424207
55,22,-36.94488557263171,77.88977114526342,81.90443751572836,0.38224455068626667,0.4915432893210154,-50.30054241560696,104.60108483121392,108.61575120167886,0.0,0.6089592922546632,-55.21673852165503,114.43347704331006,118.448143413775,0.0,0.6644726283062405,-49.64132907513645,103.2826581502729,107.29732452073783,0.47682634786892064,0.6004392387655251
56,74,-101.77950436484859,207.55900872969718,211.57367510016212,0.01659420806472964,1.7437906412700144,-120.68541539241386,245.37083078482772,249.38549715529265,0.0,8.422802420707256,-120.79975749966847,245.59951499933695,249.61418136980188,0.0,10.0,-120.67160478404784,245.3432095680957,249.35787593856062,0.026777730367297407,8.227944625851146
57,64,-92.33631742778367,188.67263485556734,192.19503508695448,0.03720237637365935,3.4768337618130354,-93.5302451801172,191.0604903602344,194.58289059162155,0.7065235676691827,6.754109064858031,-93.34335637665723,190.68671275331445,194.2091129847016,1.0,5.777695605665822,-94.34777457770608,192.69554915541215,196.2179493867993,0.0,8.46443599875857
58,41,-58.83422906566412,121.66845813132824,125.60904195843248,0.011558976834428508,0.7348554904685503,-75.62051971844812,155.24103943689624,159.18162326400048,0.11601991427851772,1.0213981732447408,-68.10920410554537,140.21840821109075,144.15899203819498,0.09895344788105827,0.8813681688416312,-77.81657710629854,159.63315421259708,163.5737380397013,0.02094066248580538,1.0703707024097666
59,67,-62.81073047017513,129.62146094035026,133.70756347601937,0.04918809641373075,0.7285106748092993,-91.87537312837314,187.75074625674628,191.8368487924154,0.08121259316900645,1.2407646079879002,-96.51386325973354,197.02772651946708,201.1138290551362,0.11261766604055895,1.3829195775962997,-101.10452676328619,206.20905352657238,210.2951560622415,0.021157443226686983,1.5423439307173623
60,36,-95.47045462053507,194.94090924107013,198.64120444449026,0.06042536628511431,3.023711016632573,-100.41222538091728,204.82445076183456,208.52474596525468,0.10781767126817524,4.849403888081994,-99.89244086712038,203.78488173424077,207.4851769376609,0.009331215528863668,4.288573548868504,-99.29730394820578,202.59460789641156,206.29490309983169,0.0033591871745617995,3.9959894738732293
61,84,-75.94665048761986,155.89330097523973,160.01418699633257,0.24285822950114008,0.9092085813787852,-102.95502741670602,209.91005483341203,214.03094085450488,0.0,1.8150151638719016,-108.32865959649615,220.6573191929923,224.77820521408515,0.0,2.0518638963151634,-102.95502741670612,209.91005483341223,214.03094085450508,0.0,1.8150151497546814
62,18,-78.98324239070844,161.96648478141688,166.01718816288718,0.5508641237182125,1.0089971889065397,-83.0358159221848,170.0716318443696,174.1223352258399,0.009807950454139593,1.1017543585227563,-90.52874086328254,185.05748172656507,189.10818510803537,0.008289883314693425,1.3080252830836108,-84.22852565366037,172.45705130732074,176.50775468879104,0.027162057135389522,1.1370266090761918
63,68,-106.23006536462488,216.46013072924976,220.54623326491887,0.35894905538758565,1.741125846703028,-105.49334414548177,214.98668829096354,219.07279082663266,0.05339879643222447,1.7523850151109148,-109.55222174689375,223.1044434937875,227.1905460294566,0.07385406167055328,1.9980675252795208,-110.97580441438978,225.95160882877957,230.03771136444868,0.016281539455546903,2.0368195312415303
64,1,-13.83245271664935,31.6649054332987,35.7510079689678,1.0,0.37352934757015693,-13.832452716649334,31.664905433298667,35.75100796896777,0.0,0.37352935302633783,-56.24844444567473,116.49688889134946,120.58299142701856,0.0,0.6516813959374264,-13.813895107310696,31.627790214621392,35.71389275029049,0.0055958021966655905,0.3731371930936454
65,47,-41.376874369573855,86.75374873914771,90.87463476024055,0.44349135883683993,0.5111120617152912,-50.42428667439607,104.84857334879214,108.96945936988499,0.0148425862858177,0.5844589283021369,-69.6862395047993,143.3724790095986,147.49336503069145,0.018021697284544405,0.806670119525556,-60.61117766593313,125.22235533186625,129.3432413529591,0.4239864025423665,0.7013284811587961
66,82,-101.71159146710862,207.42318293421724,211.40115102734578,0.3967465764681697,1.8708834626322766,-110.362540766136,224.725081532272,228.70304962540052,0.3815676385578278,3.12105890078902,-110.14902179212068,224.29804358424136,228.2760116773699,0.3474371596471585,3.0501586382799823,-104.70407958398613,213.40815916797226,217.3861272611008,0.0,2.2190330205405635
67,81,-106.79653689714863,217.59307379429725,221.7139598153901,0.02883990160433088,1.5636200806564797,-111.32350286855578,226.64700573711156,230.7678917582044,0.0029281699240857537,1.9831368162980056,-124.27867822967181,252.55735645934362,256.67824248043644,1.0,4.499441640815716,-111.32988058987225,226.6597611797445,230.78064720083734,0.008719666197983431,1.9868697723313393
68,28,-34.203067602002456,72.40613520400491,76.52702122509776,0.5653929842669007,0.4472281619072332,-39.412199121126086,82.82439824225217,86.94528426334502,0.05687134369749437,0.494796328662325,-54.95019073122503,113.90038146245006,118.0212674835429,0.029692678711325134,0.6284228720806012,-43.01028361878785,90.0205672375757,94.14145325866855,0.02426826395974628,0.5257206347694954
69,38,-105.58344101751307,215.16688203502613,219.28776805611898,0.7918832002873413,1.607199293903409,-105.39441658882753,214.78883317765505,218.9097191987479,0.22495249953960136,1.6092652928190827,-107.60425753036192,219.20851506072384,223.32940108181668,0.7887409079294861,1.7578322890970872,-105.43929873928673,214.87859747857345,218.9994834996663,0.057551734533896046,1.6046406978404615
70,29,-101.6946068748038,207.3892137496076,211.40388012007253,0.0,1.7739815320260084,-111.09491683287054,226.18983366574108,230.204500036206,0.0029239653800527477,2.7506603730554495,-111.93523223522796,227.87046447045591,231.88513084092085,0.01378599954312824,2.9045156211769543,-110.02608702696858,224.05217405393716,228.0668404244021,0.61346771445784,2.579087823764276
71,73,-48.3811609301886,100.7623218603772,104.88320788147004,0.0785539397310315,0.6600847533139883,-83.70599364798304,171.41198729596607,175.53287331705891,0.0,1.7682987352911665,-92.20103733607125,188.4020746721425,192.52296069323535,0.0,1.9246319618830026,-83.70599364798178,171.41198729596357,175.5328733170564,0.0,1.768298970701582
72,6,-108.35031990398362,220.70063980796724,224.78674234363635,0.09297446308566805,1.7959358673148653,-111.2337396986776,226.4674793973552,230.5535819330243,0.01252886099782254,2.174660741151314,-114.73797032760096,233.47594065520192,237.56204319087104,0.01131336316821904,2.5889950384610354,-113.4505682965085,230.901136593017,234.9872391286861,0.0,2.4389495936162966
73,44,-75.48166456817663,154.96332913635325,159.0842151574461,0.5281919238033822,0.9097798874868707,-92.0317041661275,188.063408332255,192.18429435334784,0.010181802567137563,1.2951378676356278,-94.84598058669314,193.6919611733863,197.81284719447913,0.016430857587214326,1.4035663061923647,-96.12584004470078,196.25168008940156,200.3725661104944,0.010787622445088426,1.4708987897643369
74,4,-90.80281632964034,185.60563265928067,189.69173519494979,0.11711588941643643,1.1927358649891013,-111.27594017547925,226.5518803509585,230.6379828866276,0.016784528907384997,2.0879577401408373,-113.67399980972054,231.34799961944108,235.4341021551102,0.014345711851449453,2.321014975965343,-117.88369669443105,239.7673933888621,243.85349592453122,0.0,2.9958240355075656
75,79,-127.61737324479977,259.2347464895995,263.3556325106924,0.21411129591195086,10.0,-127.98755492473298,259.975109849466,264.0959958705588,0.9735923714958418,10.0,-127.79648346307442,259.59296692614885,263.71385294724166,0.008254280486377576,10.0,-127.64720481360015,259.2944096272003,263.4152956482931,0.0,10.0
76,0,-119.37652078875557,242.75304157751114,246.87392759860398,0.3720550620973237,2.679031557647259,-121.51406132557634,247.02812265115267,251.14900867224551,0.0,3.0844965351218487,-122.89310421417235,249.7862084283447,253.90709444943755,0.0,3.5816781733811096,-121.50672833399935,247.0134566679987,251.13434268909154,0.02597805080059196,3.0822690063118645
77,23,-69.9712611253033,143.9425222506066,148.06340827169944,0.05888844595789873,0.8085412997206031,-121.01954803324523,246.03909606649046,250.1599820875833,0.11314711591979258,3.1321597967851047,-110.69920408995311,225.39840817990623,229.51929420099907,0.012792899397693656,1.983446301277088,-118.24350174685966,240.48700349371933,244.60788951481217,0.010063802132559576,2.753596184401694
78,2,-119.15543459430218,242.31086918860436,246.36157257007466,0.012013953142365181,4.427415398190435,-123.13117656096628,250.26235312193256,254.31305650340286,0.004218254082927677,10.0,-123.41776523727583,250.83553047455166,254.88623385602196,0.0,10.0,-122.61333039098534,249.22666078197068,253.27736416344098,0.18746273194199065,7.50115128943266
79,75,-112.94679922388542,229.89359844777084,233.83418227487508,0.8642681030426709,3.742585753846829,-114.89047590707474,233.7809518141495,237.72153564125372,1.0,6.037422641725816,-110.59072356027443,225.18144712054885,229.1220309476531,0.039417868447508754,3.6089551910385724,-112.73386210524795,229.4677242104959,233.40830803760014,0.443633084135751,4.1972678826866625
80,90,-40.09571525215602,84.19143050431204,88.05508176976069,0.09895297810392878,0.5375719659269576,-71.5672489431212,147.1344978862424,150.99814915169105,0.0,1.3268610701548045,-66.61464905558458,137.22929811116916,141.0929493766178,0.0,1.239702915344735,-71.54468360358533,147.08936720717065,150.9530184726193,0.03195499720685833,1.3245867802444788
81,93,-87.77764585932172,179.55529171864345,183.64139425431256,0.5420493386117337,1.472152751041989,-88.52553102904459,181.05106205808917,185.13716459375829,0.010256817376800143,1.5189983719938513,-108.1687025117746,220.3374050235492,224.4235075592183,0.16286231187689024,2.8747916249246273,-86.53954580651104,177.0790916130221,181.1651941486912,0.7244302042341969,1.4452242137928555
82,43,-100.23731764741973,204.47463529483946,208.13191808781764,1.0,5.376060337890017,-100.2373176473656,204.4746352947312,208.13191808770938,0.0,5.37602909210742,-100.14458194724044,204.28916389448088,207.94644668745906,0.05246280081178707,5.490651055113273,-100.23731764743374,204.47463529486748,208.13191808784566,0.0,5.376062972593745
83,65,-96.53295449992493,197.06590899984985,201.15201153551897,0.10867088473003686,1.347061993564698,-114.3801383189497,232.7602766378994,236.84637917356852,0.02383333661749566,2.562572009552214,-113.51533028526089,231.03066057052177,235.1167631061909,0.020818477594442802,2.570436263883215,-118.4446256757376,240.8892513514752,244.9753538871443,0.6225911579050208,3.4176037794518037
84,33,-46.51992135502837,97.03984271005675,101.16072873114959,0.192057839401278,0.5370549130698161,-69.53789848396187,143.07579696792374,147.19668298901658,0.03596387911383795,0.8208374927322976,-58.09219555962521,120.18439111925042,124.30527714034326,0.05490792461680277,0.6694614817237915,-80.24255709644851,164.48511419289702,168.60600021398986,0.0,1.0387795550115941
85,19,-68.5549144973891,141.1098289947782,145.19593153044733,0.250624740213128,0.8254983130823512,-72.31592005902912,148.63184011805825,152.71794265372736,0.039833965282746395,0.8928801454316531,-78.03219921192712,160.06439842385424,164.15050095952336,0.021342027812524877,1.050317798591406,-75.72776683746945,155.4555336749389,159.541636210608,0.07040582858189189,0.9589170961215391
86,35,-56.893440309553185,117.78688061910637,121.90776664019921,0.05050848734581981,0.6523518034231642,-76.97570759126118,157.95141518252237,162.0723012036152,0.04937987263449975,0.9942573891653377,-69.47125790828014,142.94251581656027,147.06340183765312,0.04154733183018396,0.8596890758726365,-77.95303077040958,159.90606154081917,164.026947561912,0.03711037198883592,1.0376716303682403
87,40,-78.09577274591462,160.19154549182923,164.31243151292207,0.22508052894509728,0.9925324779854207,-80.02077905725427,164.04155811450855,168.1624441356014,0.1126395376386131,1.0402189538954203,-85.56735288541115,175.1347057708223,179.25559179191515,0.02058195070789318,1.216180660597171,-77.12886687330708,158.25773374661415,162.378619767707,0.14768486260447927,0.9841535007565436
88,87,-114.7449677387111,233.4899354774222,237.5406388588925,0.6723685829218726,2.228163798652616,-115.13912829689555,234.2782565937911,238.3289599752614,0.0,2.312947710524227,-121.22381309573929,246.44762619147858,250.49832957294888,0.27259813309849346,5.1371519158652985,-114.90037930542645,233.8007586108529,237.8514619923232,0.036707072704451345,2.301800459803533
89,3,-89.8303448017425,183.660689603485,187.78157562457784,0.164929127904053,1.312830137797452,-98.91173187802774,201.82346375605547,205.94434977714832,0.02634614484171239,1.6923112318652256,-97.97742560580485,199.9548512116097,204.07573723270255,0.033842286029108416,1.6547805499922421,-100.55777239712296,205.11554479424592,209.23643081533876,0.061942072270193264,1.781589236084097
90,49,-106.5557856247554,217.1115712495108,221.12623761997574,1.0,1.9878262665880868,-106.50924196630132,217.01848393260263,221.03315030306757,0.3702683995948751,1.9881203022842395,-108.3662144261909,220.7324288523818,224.74709522284672,0.06314917533812738,2.148695756967956,-106.50033209415754,217.00066418831508,221.01533055878002,0.10088639349507886,1.9844768776638704
91,91,-95.0759963294,194.1519926588,198.27287867989284,0.26970849653067036,1.2864446292391225,-108.24850089489038,220.49700178978077,224.6178878108736,0.0,1.8060667669343542,-110.43606104894499,224.87212209788999,228.99300811898283,0.0,1.932094867970729,-102.97718968302705,209.9543793660541,214.07526538714694,0.15100159761027115,1.5649319725960695
92,53,-35.92124491214511,75.84248982429023,79.92859235995932,0.2024899964232737,0.4650365617497961,-42.70964911661786,89.41929823323572,93.50540076890482,0.062115648722559716,0.5237968241748753,-54.13798771269215,112.2759754253843,116.3620779610534,0.048030952429705835,0.6280009098363892,-49.1751085317473,102.3502170634946,106.4363195991637,0.06458129450350333,0.5806672551370893
93,72,-66.5909714006283,137.1819428012566,141.30282882234945,0.546764061734139,0.7689179098016563,-70.09573169229324,144.19146338458648,148.31234940567933,0.004199325414956675,0.8176290497673353,-79.75257344603861,163.50514689207722,167.62603291317006,0.004925991724848109,0.9807233013076757,-70.4803323332305,144.960664666461,149.08155068755386,0.0,0.8233955769711979
94,172,-92.64558323826896,189.2911664765379,193.37726901220702,0.5063933579637435,1.5600976787047702,-95.90250003028694,195.8050000605739,199.891102596243,0.02179281828084192,1.70944986727512,-100.3993433334621,204.7986866669242,208.8847892025933,0.3790399375609698,1.9485660785634464,-96.51022345558532,197.02044691117064,201.10654944683975,0.03985935864152776,1.754803311247242
95,179,-90.45188737134976,184.9037747426995,189.02466076379235,0.6580224305777572,1.20225560119701,-88.36118746332107,180.72237492664215,184.843260947735,0.028751879555268277,1.1758085864664989,-86.17800326187097,176.35600652374194,180.47689254483478,0.03691671600486765,1.1142513488060257,-92.04363771604986,188.08727543209972,192.20816145319256,0.03086969314780029,1.2606399763836464
96,141,-95.639948765105,195.27989753021,199.40078355130285,0.38443870271284397,1.3681470785170962,-104.03704473187669,212.07408946375338,216.19497548484622,0.009099470418176398,1.7327781178187278,-104.17514738354633,212.35029476709266,216.4711807881855,0.0,1.8023645706051312,-104.08416362649506,212.1683272529901,216.28921327408295,0.02354367912647018,1.7347242648535126
97,198,-122.83961992523359,249.67923985046718,253.72994323193748,0.4892860193219066,7.907482433904309,-122.78451475274096,249.56902950548192,253.61973288695222,0.038633845545330475,7.49970881206646,-122.7187845018824,249.4375690037648,253.4882723852351,0.745156059875919,9.986821292736169,-122.68821158882989,249.37642317765977,253.42712655913007,0.3780129588324171,6.90320814794368
98,191,-102.54755314832612,209.09510629665223,213.18120883232135,0.48979829271092856,1.7621942054357178,-96.80204086565791,197.60408173131583,201.69018426698494,0.016031611933656674,1.5961459652337238,-106.45896394935298,216.91792789870595,221.00403043437507,0.013329887225254314,1.9873195588955108,-111.02741977228096,226.05483954456193,230.14094208023104,0.8336804574829353,2.3987076655919504
99,108,-108.87004049865178,221.74008099730355,225.79078437877385,0.16187357928643584,2.3665662055454337,-113.24656326808962,230.49312653617923,234.54382991764953,0.0,2.8407566145171628,-113.4850629400214,230.9701258800428,235.0208292615131,0.0,2.7890183787975755,-113.24656326808183,230.49312653616366,234.54382991763396,0.0,2.840757997916331
100,126,-50.22289052836624,104.44578105673249,108.38636488383673,0.20221806756640862,0.6249084326466797,-73.26556398290742,150.53112796581485,154.47171179291908,0.06219075827390893,0.9952951809540426,-72.11933989169233,148.23867978338467,152.1792636104889,0.07033978403729856,0.9771400167808308,-77.55722555350417,159.11445110700834,163.05503493411257,0.00439303324616533,1.1041381681797653
101,203,-71.8674051318752,147.7348102637504,151.51845085997167,0.03793277999760156,1.0577893815734403,-77.24196832694275,158.4839366538855,162.26757725010677,0.08297629509580319,1.2250223323081064,-75.47740429668583,154.95480859337167,158.73844918959293,0.07444282073573508,1.1841495768493697,-81.19595624785279,166.39191249570558,170.17555309192684,0.17957421572750365,1.3398476498079037
102,154,-35.61788855607766,75.23577711215532,79.35666313324816,0.48004419737561976,0.5185972543045628,-43.14013598894162,90.28027197788325,94.40115799897609,0.043428166688751546,0.6036063291708493,-60.004228335233144,124.00845667046629,128.12934269155912,0.07659570295555358,0.7925530627812023,-48.462295519684844,100.92459103936969,105.04547706046253,0.0,0.6792493608511158
103,170,-78.12938049148494,160.25876098296987,163.63651989119774,0.1824174675852106,2.2802637960619463,-78.87510372375827,161.75020744751654,165.1279663557444,0.0,2.6148752605826933,-81.80660695125202,167.61321390250404,170.9909728107319,0.501810370449012,3.2965600112227618,-78.87510372376245,161.7502074475249,165.12796635575276,0.0,2.614876718240134
104,135,-60.07323757601359,124.14647515202718,128.26736117312,0.3634302482766446,0.6955734140092502,-71.37052262457347,146.74104524914694,150.86193127023978,0.02194099477279396,0.8956404006082911,-73.95104759452856,151.90209518905712,156.02298121014996,0.02725246329508368,0.9469409036960817,-86.94197051251072,177.88394102502144,182.0048270461143,0.2009499856997017,1.3399726073193827
105,183,-83.42896851621303,170.85793703242607,174.72158829787472,0.38637094424000745,1.2621281085410865,-83.98970040837074,171.97940081674147,175.84305208219013,0.024947292860688607,1.2868958982294114,-83.15154072887789,170.30308145775578,174.16673272320443,0.027672164897649468,1.2813115622851419,-84.74131408678002,173.48262817356004,177.3462794390087,0.1458195869148568,1.3080764409306578
106,102,-110.00333467167304,224.0066693433461,227.83071535420237,0.5799983415460368,10.0,-110.02649530502174,224.05299061004348,227.87703662089976,0.0,10.0,-110.15844399682621,224.31688799365241,228.1409340045087,0.0,10.0,-109.88691455592055,223.7738291118411,227.5978751226974,1.0,10.0
107,169,-121.94066176322275,247.8813235264455,252.00220954753834,0.0,4.3304438671079675,-126.73200637745991,257.46401275491985,261.58489877601266,0.6425087374436779,9.997458297316133,-126.17220190929953,256.34440381859906,260.4652898396919,0.6917259020435115,6.462831508535619,-126.87905721331582,257.75811442663166,261.8790004477245,0.6641339676814418,7.417475834139812
108,96,-87.67023217715438,179.34046435430875,183.42656688997786,0.09017641287774622,1.1288162547636584,-106.91646474886718,217.83292949773437,221.91903203340348,0.012168704453451066,1.797832455376614,-107.05170159114572,218.10340318229143,222.18950571796054,0.009986741449432837,1.777902504945996,-111.95673209809999,227.91346419619998,231.9995667318691,0.08683883084996774,2.1915264904240934
109,138,-115.97487058033902,235.94974116067803,240.07062718177087,0.4810867676496118,2.271684948658718,-115.40100904240848,234.80201808481695,238.9229041059098,0.04832610222768607,2.3362709142169362,-118.14989871385885,240.2997974277177,244.42068344881054,0.039730078153368736,2.5711755173317465,-118.59761606427882,241.19523212855765,245.3161181496505,0.13118679274388478,2.6555955117947523
110,187,-104.37956391325584,212.75912782651167,216.88001384760452,0.17388445940818112,1.542508334136158,-111.86650431139913,227.73300862279825,231.8538946438911,0.020695876908686496,1.9221326207010063,-117.00862069423512,238.01724138847024,242.13812740956308,0.014789894232700003,2.310188558457138,-120.23679232873015,244.4735846574603,248.59447067855314,0.0021688360241016455,3.074048754936807
111,193,-84.0249107985116,172.0498215970232,175.57222182841033,0.18926221727319129,1.857695808194767,-87.86704578386224,179.73409156772448,183.25649179911161,0.0,2.3269239050552266,-87.845724284778,179.691448569556,183.21384880094314,2.383295327705476e-05,2.4058909068292595,-87.86704578386282,179.73409156772564,183.25649179911278,0.0,2.3269245751457994
112,97,-92.59664022892368,189.19328045784735,193.3141664789402,0.13141853890405747,1.33572463733303,-94.99319602571957,193.98639205143914,198.10727807253198,0.026744714610329155,1.4347640087302074,-93.51575217809933,191.03150435619867,195.1523903772915,0.0268671659660445,1.4326578270566583,-94.43041583797208,192.86083167594415,196.981717697037,0.13347318382030288,1.4111355022540992
113,152,-79.2417769496774,162.4835538993548,166.56965643502392,0.410930673218109,0.9890305053991282,-91.9440900801652,187.8881801603304,191.9742826959995,0.009620499466265241,1.3190487966505207,-90.10677179176983,184.21354358353966,188.29964611920877,0.006820462751410083,1.2978666345268517,-90.88489709842419,185.76979419684838,189.8558967325175,0.1993552497069482,1.3227589069328654
114,168,-104.20910031244883,212.41820062489765,216.5390866459905,0.012653321802760176,2.0007416181990645,-117.97405505893678,239.94811011787357,244.0689961389664,0.03410197455325253,2.5957440221255643,-122.18622831444891,248.37245662889782,252.49334264999067,0.029475016110951154,3.1489366217931627,-120.71651386187801,245.43302772375603,249.55391374484887,0.01502905907373894,3.2600528831960003
115,208,-94.90271436866817,193.80542873733634,197.92631475842919,0.17919524725009484,1.301223786843533,-101.33363434649797,206.66726869299595,210.7881547140888,0.011946525796985822,1.575155377067998,-105.83707618368888,215.67415236737776,219.7950383884706,0.009201794230610114,1.7106987864112,-102.89182411480891,209.78364822961782,213.90453425071067,0.015532445725298525,1.6370361940355664
116,167,-129.80898245405524,263.6179649081105,267.7388509292033,0.12465032277823947,10.0,-128.82327813265653,261.64655626531305,265.76744228640587,0.3132506170939032,10.0,-128.815397795546,261.630795591092,265.7516816121848,0.5136033993843475,10.0,-129.5919761207271,263.1839522414542,267.30483826254704,1.0,10.0
117,171,-109.75522647706228,223.51045295412456,227.59655548979367,0.21310052093133397,2.4476972808429913,-117.11037551970054,238.22075103940108,242.3068535750702,0.0,3.6820900201517817,-118.78434257538396,241.56868515076792,245.65478768643703,0.0,3.726926391853131,-117.11037551975988,238.22075103951977,242.30685357518888,0.0,3.682093930401677
118,123,-50.72339996987515,105.4467999397503,109.56768596084315,0.12394375391974484,0.5820304314110522,-82.6349217636697,169.2698435273394,173.39072954843223,0.018400098747823425,1.0581157612020085,-76.10500130750665,156.2100026150133,160.33088863610615,0.026200219621223746,0.940493096373091,-85.70598033718952,175.41196067437903,179.53284669547187,0.0,1.140417718807657
119,189,-76.44172977031644,156.88345954063288,160.969562076302,0.4025743817185642,0.9311360782860276,-77.37933473713473,158.75866947426945,162.84477200993857,0.03426572875929489,0.958813303007721,-82.97239709360831,169.94479418721662,174.03089672288573,0.026900025581828104,1.0860947059120654,-89.85973646274927,183.71947292549854,187.80557546116765,0.0,1.26506311640244
120,111,-23.26560191610348,50.53120383220696,54.6520898532998,0.29608921798748283,0.3937530606111966,-33.60485781195029,71.20971562390058,75.33060164499342,0.0,0.4696442896184223,-68.33234124727838,140.66468249455676,144.7855685156496,0.03999161158363346,0.786226099746739,-33.604857811950374,71.20971562390075,75.33060164499359,0.0,0.46964428210454995
121,118,-26.202358198334085,56.40471639666817,60.52560241776101,0.3449471455135674,0.4247740894199839,-28.81826729577659,61.63653459155318,65.75742061264602,0.0,0.4447296643158057,-57.27486917533425,118.5497383506685,122.67062437176135,0.07569059526507829,0.6508976072895873,-28.818267295776536,61.63653459155307,65.75742061264592,0.0,0.44472966149981763
122,128,-76.08413442065032,156.16826884130063,160.28915486239347,0.4458188717081354,0.9003668917738036,-85.58381473201658,175.16762946403315,179.288515485126,0.01556944194422721,1.0737560489568958,-106.45569949734757,216.91139899469513,221.03228501578798,0.0,1.648903456028781,-86.73859399625182,177.47718799250364,181.5980740135965,0.01424805132868145,1.1072068928410777
123,146,-66.29944383900462,136.59888767800925,140.7197736991021,0.7000054423444039,0.7595301880399098,-66.68955131240463,137.37910262480926,141.4999886459021,0.013897943948563413,0.7650164439717937,-81.27133166086992,166.54266332173984,170.66354934283268,0.017971044537452692,0.9855501931618263,-66.34199109274323,136.68398218548646,140.8048682065793,0.05174808254577347,0.7612381268473822
124,147,-88.70046871760488,181.40093743520976,185.5218234563026,0.11525903591908776,1.117431144651166,-105.93775037444664,215.87550074889327,219.99638676998612,0.0,1.6045855985532953,-106.84046361915247,217.68092723830495,221.8018132593978,0.001132537717119292,1.627342183401482,-105.18758043501265,214.3751608700253,218.49604689111814,0.18034965854496646,1.5836548220766664
125,148,-89.68023953191255,183.3604790638251,187.4465815994942,0.23322843555604275,1.1917021918268813,-96.22530604796137,196.45061209592274,200.53671463159185,0.022708578644225808,1.3633114548453718,-93.585168377486,191.170336754972,195.2564392906411,0.02316592599507268,1.2871006291509832,-108.45976432113753,220.91952864227505,225.00563117794417,0.023016243973461126,1.968907710884604
126,199,-75.16298826897896,154.32597653795793,158.44686255905077,0.820312529601092,0.955135261373778,-65.64868167862771,135.29736335725542,139.41824937834826,0.6945514689171037,0.7830110028456614,-66.41622379135282,136.83244758270564,140.95333360379848,0.4944171780257773,0.7972043710323723,-75.0949452243983,154.1898904487966,158.31077646988945,0.09186752341468946,0.9459294768397662
127,200,-51.05948203559469,106.11896407118938,110.16966745265968,0.44248463330268745,0.6066410191285696,-54.37230981005964,112.74461962011928,116.79532300158958,0.019119137866937863,0.6471309434346746,-51.76452012430849,107.52904024861698,111.57974363008728,0.009475223903288171,0.6218393608891186,-54.22916875802478,112.45833751604955,116.50904089751985,0.020619733476088503,0.6459456223422211
128,131,-43.40886061732859,90.81772123465718,94.93860725575003,0.24398926431582038,0.6038846796881229,-75.92378858147285,155.8475771629457,159.96846318403854,0.0,1.4308125086285772,-85.23066762360638,174.46133524721276,178.5822212683056,0.0019122970314045143,1.5809856133136149,-75.90366762941824,155.80733525883647,159.92822127992932,0.021508371314444587,1.425085617562184
129,164,-97.1156903315986,198.2313806631972,201.88866345617538,0.31938348679118334,3.562946942608562,-97.87949359995868,199.75898719991736,203.41626999289554,0.0015758110830768812,4.041155791227956,-98.69922887119867,201.39845774239734,205.05574053537552,0.007489753394971231,4.451820739828691,-97.45517061412852,198.91034122825704,202.56762402123522,0.8081536576329954,3.89665447514115
130,117,-46.892325823229015,97.78465164645803,101.90553766755087,0.2640000502397577,0.5523132394476125,-53.46481207875757,110.92962415751514,115.05051017860798,0.13573900975453143,0.6163589747004274,-63.578341019950976,131.15668203990197,135.27756806099478,0.14581794317512253,0.7375332030445906,-56.50478596651925,117.0095719330385,121.13045795413134,0.0017014215002181948,0.6490702240454352
131,125,-36.989461659411894,77.97892331882379,82.09980933991663,0.3720484114502923,0.4784733245191775,-40.85311407870673,85.70622815741346,89.8271141785063,0.2623808750815824,0.5095247363091896,-67.47598880363458,138.95197760726916,143.072863628362,0.11034209706204286,0.7825726399791658,-48.58613870708146,101.17227741416292,105.29316343525576,0.0,0.5693102982276123
132,104,-82.12421681353676,168.24843362707352,172.36931964816637,0.6457860578918074,1.3604691466213301,-87.96405479593652,179.92810959187304,184.04899561296588,0.0022386246158644907,1.6300614529474704,-116.03266502180627,236.06533004361253,240.18621606470538,1.0,3.3786589573372363,-89.00916893601342,182.01833787202685,186.1392238931197,0.0,1.7177744585394705
133,205,-101.18190181796719,206.36380363593437,210.3784700063993,0.9462614452266821,2.527740345818594,-98.61419597055392,201.22839194110784,205.24305831157278,0.005614140579666809,2.424886883558118,-111.93255739522763,227.86511479045527,231.8797811609202,0.03739713873337542,3.3054468356442728,-101.28746395190532,206.57492790381065,210.58959427427558,0.0,2.6804608392475333
134,115,-41.55379129104941,87.10758258209881,91.22846860319166,0.8497524036482889,0.3866158936027569,-37.35183577087904,78.70367154175808,82.82455756285093,0.16241212395060226,0.56238997823805,-71.2478037323699,146.4956074647398,150.61649348583265,0.1267513903704065,0.9436673060928299,-43.64969548538082,91.29939097076164,95.42027699185448,0.0,0.41070498285576706
135,116,-39.81996339768564,83.63992679537128,87.76081281646412,0.03819961352278116,0.5847134927926805,-54.57861269903719,113.15722539807437,117.27811141916722,0.0,0.777032138629734,-81.5466343396901,167.0932686793802,171.21415470047305,0.052769238733323225,1.1656993700738683,-54.578612699037336,113.15722539807467,117.27811141916752,0.0,0.7770321740321622
136,94,-89.24381453550403,182.48762907100806,186.57373160667717,0.2869423596708495,1.3104420507374879,-99.8496569112754,203.6993138225508,207.78541635821992,0.0,1.914359525266831,-98.92339452465042,201.84678904930084,205.93289158496995,0.009447525920173302,1.6730513917667789,-99.84965691127505,203.6993138225501,207.7854163582192,0.0,1.9143597696258852
137,163,-106.13860185042824,216.2772037008565,220.39808972194933,0.03935793480492865,1.5806949654625133,-115.49378173854303,234.98756347708607,239.1084494981789,0.012241717841609248,2.4024503586134536,-116.49160756476064,236.98321512952128,241.10410115061413,0.03254216164079451,2.450375008756969,-116.07223813805102,236.14447627610204,240.26536229719488,0.0,2.432085617044286
138,106,-48.17974076867688,100.35948153735376,104.4803675584466,0.7073711653880221,0.5570863762460228,-51.72237806424095,107.4447561284819,111.56564214957474,0.010682175212680806,0.5943282182614863,-58.372962719185,120.74592543837,124.86681145946284,0.011639566478935548,0.6637301200247459,-57.780380374135376,119.56076074827075,123.6816467693636,0.007888734372833191,0.6576620959062899
139,127,-67.24099152985004,138.48198305970007,142.56808559536918,0.648640906261777,0.7876598587493919,-69.3128498045067,142.6256996090134,146.7118021446825,0.0,0.8175499629568835,-76.20334584239276,156.40669168478553,160.49279422045464,0.0,0.9415658991516068,-69.20685255840075,142.4137051168015,146.49980765247062,0.020407297271798106,0.8159854343290643
140,188,-62.547123017639095,129.0942460352782,133.1803485709473,0.7604528940929416,0.8991212319340041,-64.50908068125919,133.01816136251838,137.1042638981875,0.007309277959027467,0.9423746325834476,-77.27601232025918,158.55202464051837,162.63812717618748,0.008768633478916203,1.1263930211486204,-65.21784419015657,134.43568838031314,138.52179091598225,0.0,0.9671270326978137
141,192,-55.336967680523806,114.67393536104761,118.79482138214046,0.6363835858894924,0.7517404513030334,-57.03671799723413,118.07343599446826,122.1943220155611,0.021973020458369553,0.7837178170575831,-74.78142121824237,153.56284243648474,157.6837284575776,0.024475951772786275,1.0074926478701163,-62.7014723299241,129.4029446598482,133.52383068094105,0.0,0.8875143920230927
142,139,-68.275358931831,140.550717863662,144.67160388475483,0.2480442265585672,0.7863818107300414,-74.15540625256801,152.31081250513603,156.43169852622887,0.11111469700603324,0.8798899360643397,-76.79823665383064,157.59647330766128,161.71735932875413,0.09179309744934452,0.9350890225330849,-88.15134561784598,180.30269123569195,184.4235772567848,0.10492339265448533,1.1787792146434957
143,180,-50.97828544914137,105.95657089828273,109.8590583354456,0.21299503936793737,0.6463466035764266,-62.19850680990436,128.39701361980872,132.29950105697156,0.01841553085231055,0.808576449396156,-57.261599738751066,118.52319947750213,122.425686914665,0.02369035773885349,0.7373582657876926,-63.69800759005414,131.3960151801083,135.29850261727114,0.040066050428340855,0.8326899632682053
144,181,-118.80302745239632,241.60605490479264,245.62072127525758,0.4036254465737607,3.6123795514434756,-120.12042938167441,244.24085876334883,248.25552513381376,0.11395233073432859,9.981227545495987,-120.26615167292097,244.53230334584194,248.54696971630688,0.4594483698147372,9.999020207180473,-119.71380363466199,243.42760726932397,247.4422736397889,0.9110014040827614,5.828457602017764
145,190,-103.90796568161356,211.81593136322712,215.93681738431997,0.013189963612962412,1.4693445916156525,-116.48459425425645,236.9691885085129,241.09007452960574,0.0,2.2532311787250605,-120.65986301555584,245.31972603111168,249.44061205220453,0.0,2.7077048906707066,-116.31428421550153,236.62856843100306,240.7494544520959,0.05794142705527444,2.2407722135534622
146,162,-55.786728123124625,115.57345624624925,118.08964932229222,1.0,4.542248124956968,-55.786025661972815,115.57205132394563,118.0882443999886,0.00011772832394971965,4.535102090004141,-55.87662759625757,115.75325519251514,118.26944826855811,0.0011255983915964757,4.648600951447356,-55.42923096670398,114.85846193340797,117.37465500945093,0.07341407667532929,4.1572388610150925
147,195,-50.33569515182819,104.67139030365638,108.75749283932548,0.3113384277835849,0.7237617133474248,-65.50861529875385,135.0172305975077,139.10333313317682,0.08599196375145121,0.9844563063704913,-70.57965110809691,145.15930221619382,149.24540475186294,0.025078757481167155,1.0739744699918738,-58.69479550343724,121.38959100687448,125.47569354254358,0.2232849078053642,0.8622704439349306
148,175,-63.03742990300788,130.07485980601575,134.16096234168486,0.38452166670401755,0.7416597246202407,-80.22175232735906,164.4435046547181,168.52960719038722,0.0227892061206754,1.0571296737830258,-70.26353015147409,144.52706030294817,148.61316283861728,0.056456591611474566,0.8704363426816814,-73.64612197804163,151.29224395608327,155.37834649175238,0.4197918709760869,0.9275732342898116
149,207,-68.43334584980926,140.8666916996185,144.88135807008345,0.760337761535946,0.8723798460566443,-69.63477387096712,143.26954774193425,147.28421411239918,0.002727792560707212,0.8987956886852881,-71.91215995970155,147.8243199194031,151.83898628986805,0.010074891031625934,0.9647646501641817,-69.8154772065714,143.6309544131428,147.64562078360774,0.005648841542855284,0.9009113416917021
150,159,-91.30103592821855,186.6020718564371,190.72295787752995,0.327706273485172,1.174661384271349,-96.30709459844012,196.61418919688023,200.73507521797308,0.013209368285355154,1.3033305623876512,-107.09817778927328,218.19635557854656,222.3172415996394,0.01477231008787122,1.6237075255720612,-97.13390104687583,198.26780209375167,202.3886881148445,0.0,1.3268436515086797
151,197,-90.8621885364579,185.7243770729158,189.84526309400863,0.634912251198133,1.2009602168980058,-84.86062779611625,173.7212555922325,177.84214161332534,0.1383560951228778,1.0670262669282236,-95.43952209091746,194.87904418183493,198.99993020292777,0.0,1.3412681732665737,-93.63453156493533,191.26906312987066,195.3899491509635,0.037287358119542036,1.308618993310321
152,121,-56.23391318824728,116.46782637649456,119.99022660788168,0.3418851896660294,0.8959187833439193,-54.098907926518876,112.19781585303775,115.72021608442488,0.05290358268696553,0.8631028395123589,-57.78523968401921,119.57047936803842,123.09287959942554,0.044037802068322605,0.9521837992106572,-69.12009481931071,142.24018963862142,145.76258987000855,0.0,1.2909076227653495
153,178,-107.11627392832587,218.23254785665173,222.31865039232085,0.2742349911989022,1.7159867130798356,-123.51766617756944,251.03533235513888,255.121434890808,0.9396002048001785,9.952841838252455,-114.85740344214958,233.71480688429915,237.80090941996826,0.0,2.4163001405829605,-111.40924540269256,226.81849080538512,230.90459334105424,0.21980977833793555,2.0707028163566092
154,137,-102.32689126216256,208.65378252432512,212.70448590579542,0.026416217903591103,1.5570785711797857,-114.90717174461652,233.81434348923304,237.86504687070334,0.0,2.65594746071322,-116.74230651158037,237.48461302316073,241.53531640463103,0.0,3.0220165081145334,-113.44413401161762,230.88826802323524,234.93897140470554,0.17336161331582423,2.448578112186694
155,150,-53.81550666493779,111.63101332987559,115.71711586554468,0.16694008190573387,0.623168702181111,-76.43614047910467,156.87228095820933,160.95838349387844,0.025805582879803102,0.9736742717517006,-84.58968752847765,173.1793750569553,177.26547759262442,0.0503304760970141,1.1895877578276068,-76.65171314717185,157.3034262943437,161.3895288300128,0.10284748650238587,0.9737239943572408
156,114,-117.13526748266489,238.27053496532977,242.32123834680007,0.5490849436052991,2.913463650207343,-112.255397320364,228.510794640728,232.5614980221983,0.7907852029811945,2.8585538165646804,-107.97648576553303,219.95297153106605,224.00367491253635,0.24381420328163178,2.42749058214558,-117.98191927652329,239.96383855304657,244.01454193451687,0.0,3.3336759208384406
157,155,-109.26479860323309,222.52959720646618,226.65048322755902,0.0,1.714426529404172,-118.0611246832,240.1222493664,244.24313538749286,0.09888020914815301,2.6731359234518313,-121.15694117209472,246.31388234418944,250.43476836528228,0.1034868085917576,3.247329901694743,-120.2713486254546,244.5426972509092,248.66358327200206,0.0,2.977422929336147
158,122,-43.208495829954245,90.41699165990849,94.53787768100133,0.11208175020191223,0.5164713092546387,-55.9702408705828,115.9404817411656,120.06136776225844,0.1974660824457854,0.6359005740899925,-63.742988139863364,131.48597627972674,135.60686230081956,0.19710966288361229,0.7272585312388751,-66.40265157512529,136.80530315025058,140.92618917134342,0.0259774154551907,0.7606449954815158
159,157,-103.4962141315262,210.9924282630524,215.11331428414525,0.4675253219362337,1.5251557992265894,-104.09269821045677,212.18539642091355,216.3062824420064,0.05945719982916894,1.5506007230478813,-109.70764714918094,223.41529429836189,227.53618031945473,0.14248924986536526,1.8162986003806745,-103.58374895211313,211.16749790422625,215.2883839253191,0.13898307144789213,1.5341570689361232
160,98,-80.022890464904,164.045780929808,168.16666695090083,0.35600577299194464,0.9697539635089619,-82.60053828077031,169.20107656154062,173.32196258263346,0.000887865289424135,1.0183090896958817,-88.30559469864019,180.61118939728038,184.73207541837323,0.0,1.1577479477293335,-82.65169930340237,169.30339860680473,173.42428462789758,0.0,1.0192671650913898
161,110,-49.053175779122924,102.10635155824585,106.22723757933869,1.0,0.6978089439297724,-49.24686867125385,102.4937373425077,106.61462336360054,1.0,0.4435290588880272,-44.414133359359795,92.82826671871959,96.94915273981243,0.6937379614242262,0.6345767277609355,-48.42332213785979,100.84664427571958,104.96753029681243,0.6754246928457993,0.43641966316751046
162,202,-19.537290342240908,43.074580684481816,47.19546670557465,0.4853397539815764,0.3861406581244373,-28.8182322979916,61.6364645959832,65.75735061707604,0.0,0.4447313705841343,-63.04594160419491,130.09188320838982,134.21276922948266,0.017354140211517727,0.7231531941941509,-28.81823229799157,61.63646459598314,65.75735061707599,0.0,0.44473137930465206
163,140,-108.2517106973523,220.5034213947046,224.62430741579743,0.16882296669410507,1.6742930082597138,-107.3656913833952,218.7313827667904,222.85226878788325,0.10564100983077859,1.6860868151471553,-103.91967153766828,211.83934307533656,215.9602290964294,0.021370141172184158,1.5680764461220762,-113.91332439990313,231.82664879980626,235.9475348208991,0.0,2.099549524839123
164,109,-106.58298490223046,217.16596980446093,221.14393789758947,0.4884822078976831,2.374219240768019,-107.05398197408354,218.10796394816708,222.08593204129562,0.0,2.416885505671354,-110.25598316763931,224.51196633527863,228.48993442840717,0.0,2.9139902066788035,-107.05398197408275,218.1079639481655,222.08593204129403,0.0,2.4168858624725704
165,196,-71.17421608608146,146.34843217216292,150.39913555363322,0.49816162338506537,0.8661896176550319,-84.7621272657412,173.5242545314824,177.5749579129527,0.01095777953738717,1.1346532727012686,-92.13596316612673,188.27192633225346,192.32262971372376,0.014659667413552764,1.3481772702201986,-85.68817820859306,175.37635641718612,179.42705979865642,0.02656535982560525,1.1700471520151643
166,144,-83.96109640200135,171.9221928040027,176.0082953396718,0.0,1.0753300270372679,-115.15773196284464,234.31546392568927,238.40156646135839,0.8154055940139904,3.3426863164230065,-111.2074525128345,226.414905025669,230.5010075613381,0.03185891553362147,2.164497310951955,-114.6151298342328,233.2302596684656,237.31636220413472,0.0,2.687031865882167
167,176,-112.28722440704698,228.57444881409396,232.62515219556425,0.2524817700416069,2.506259264857609,-114.93579612454263,233.87159224908527,237.92229563055557,0.007544260982098694,2.8788881693968444,-120.02344086694619,244.04688173389238,248.09758511536268,0.007445289714289753,3.8425350255876847,-115.91844548178337,235.83689096356673,239.88759434503703,0.0,3.060690479089372
168,204,-67.17421335237736,138.34842670475473,142.46931272584757,1.0,0.8460435059922817,-60.63701906081444,125.27403812162888,129.39492414272172,0.6065203965511342,0.8104380349375248,-69.97010863512956,143.94021727025913,148.06110329135197,1.0,0.9755462132521723,-67.17421335237745,138.3484267047549,142.46931272584774,0.0,0.8460434722267007
169,206,-82.9426024494603,169.8852048989206,174.00609092001343,0.5550197525255866,1.1409156338938973,-87.77005134097705,179.5401026819541,183.66098870304694,0.04191592709813739,1.402065543578894,-89.32973680120908,182.65947360241816,186.780359623511,0.0,1.3065056657458058,-87.93255707855357,179.86511415710714,183.9860001782,0.010387681239461289,1.3218588571124763
170,124,-109.34454332202183,222.68908664404367,226.8099726651365,0.19133929586653853,1.9202627658086056,-106.90902959441203,217.81805918882407,221.9389452099169,0.02461488608284862,2.1073404705514487,-108.96056763927822,221.92113527855645,226.0420212996493,0.019121815128658234,2.154035586600799,-120.82057887203733,245.64115774407466,249.7620437651675,0.9112105706715542,3.212295822194651
171,182,-101.72678795560923,207.45357591121845,211.431544004347,1.0,2.287478124563915,-101.68961715316439,207.37923430632878,211.35720239945732,0.0029533722461291996,2.287609489582667,-102.10120905749972,208.20241811499943,212.18038620812797,0.007743050578505432,2.236132243569328,-101.72678795560968,207.45357591121936,211.4315440043479,0.0,2.2874778093463575
172,145,-66.55463927014921,137.10927854029842,141.23016456139126,0.3236358352098112,0.7641757235567894,-83.32770996177888,170.65541992355776,174.7763059446506,0.02610467668894207,1.0345949251861366,-79.11485369422505,162.2297073884501,166.35059340954294,0.03876421800213118,0.9580591748904917,-84.15145139947182,172.30290279894365,176.4237888200365,0.029600830521872998,1.0550021724644978
173,194,-65.01217425451078,134.02434850902156,138.1452345301144,0.9529538455646669,0.7425857603178303,-65.05360205631568,134.10720411263136,138.2280901337242,0.0,0.7431282000630265,-76.56974722871728,157.13949445743455,161.2603804785274,0.021130697876085614,0.90727901844915,-65.05360205632464,134.10720411264927,138.2280901337421,0.0,0.7431285376560032
174,99,-109.93089771964857,223.86179543929714,227.68584145015342,1.0,10.0,-109.93089771964857,223.86179543929714,227.68584145015342,0.0,10.0,-109.71602587082376,223.4320517416475,227.2560977525038,0.0,10.0,-109.9307790866989,223.8615581733978,227.6856041842541,0.5192766722369891,10.0
175,101,-33.42098928682891,70.84197857365783,74.89268195512813,0.35399955368954256,0.44042189478962857,-95.80943713430557,195.61887426861114,199.66957765008144,0.22960275450979026,2.0860834624628857,-61.45469274020202,126.90938548040404,130.96008886187434,0.002215223744160517,0.8187497707347794,-48.93372113144367,101.86744226288734,105.91814564435764,0.0631199186898506,0.617630737877498
176,112,-32.328948808334545,68.65789761666909,72.77878363776193,0.1487896235801037,0.42197930722699306,-51.78797236092322,107.57594472184644,111.69683074293928,0.25970216810762614,0.5939324330292924,-69.48903186239144,142.97806372478288,147.09894974587573,0.1993182298680427,0.8022270672991857,-71.51670234998107,147.03340469996215,151.154290721055,0.0,0.8310595621914434
177,120,-99.37251776852965,202.7450355370593,206.86592155815214,0.0,1.3605789072515733,-121.59509344453677,247.19018688907354,251.3110729101664,0.010401361034005865,2.5144524225135063,-124.01921893902173,252.03843787804345,256.15932389913627,0.5078495399886584,3.0612590605372962,-121.31787550045333,246.63575100090665,250.7566370219995,0.7883741606017249,2.4843646037764406
178,136,-91.86716729964348,187.73433459928697,191.8552206203798,0.0792075476274194,1.2613741098388573,-106.03525919117956,216.07051838235913,220.19140440345197,0.036801382264281396,1.7316973466771948,-113.694669854319,231.389339708638,235.51022572973085,0.8505946183530508,2.3362741701154044,-107.16591834930846,218.3318366986169,222.45272271970975,0.11781636489284601,1.8457696535785761
179,149,-64.5066532911758,133.0133065823516,137.0994091180207,0.09233481103968366,0.7503948134064043,-75.350010404843,154.700020809686,158.78612334535512,0.0,0.9106888750686738,-86.04130655870438,176.08261311740875,180.16871565307787,0.0,1.1171383604720697,-75.12121705122101,154.24243410244202,158.32853663811113,0.02370712068410183,0.9069731446779816
180,113,-92.59093869890242,189.18187739780484,193.23258077927514,0.00478356360089948,1.317990133362599,-106.67814325381045,217.3562865076209,221.4069898890912,0.05784235336498529,1.8089564036899894,-102.58584676164715,209.1716935232943,213.2223969047646,0.05174615612828638,1.6537596042786276,-110.1070384633771,224.2140769267542,228.2647803082245,0.0,2.0325503563533687
181,134,-97.94809891567158,199.89619783134316,204.017083852436,0.2560220172661895,1.3291220171013365,-96.91093082983916,197.82186165967832,201.94274768077116,0.0846954264872325,1.3108302255557158,-101.651226326221,207.302452652442,211.42333867353486,0.1421734992614121,1.4662279106365854,-106.15086126782421,216.30172253564842,220.42260855674127,0.05148749934707387,1.621903925349213
182,160,-127.33390669722681,258.6678133944536,262.78869941554643,0.1498487795941992,7.285055050013611,-127.38181710361327,258.7636342072266,262.8845202283194,0.003366437461068964,10.0,-127.62767137666502,259.25534275333007,263.3762287744229,0.003915340057808014,10.0,-127.45517322649536,258.9103464529907,263.03123247408354,0.0,10.0
183,166,-123.34932400462053,250.69864800924105,254.78475054491017,0.3541828190876329,3.7679321698609645,-124.16836335222328,252.33672670444656,256.4228292401157,0.005652186492031524,4.6639586370210235,-124.87463512895006,253.74927025790012,257.8353727935692,0.005181420489392205,6.359719165811192,-124.42038036936499,252.84076073872998,256.92686327439907,0.0,5.564848313481245
184,142,-113.73095097941079,231.46190195882158,235.40248578592582,0.41264350142986056,4.029601698243467,-114.53996981045533,233.07993962091066,237.0205234480149,0.0,4.784257584462778,-115.94087639830347,235.88175279660695,239.82233662371118,0.0,6.76558409032557,-114.33462854495973,232.66925708991945,236.6098409170237,0.1541551585801764,4.64222836644228
185,201,-100.31641571903921,204.63283143807843,208.49648270352708,0.3843042753826168,1.9943198063017542,-105.89883611173788,215.79767222347576,219.6613234889244,0.08244417394900526,3.15830103259635,-108.199243609466,220.398487218932,224.26213848438064,0.148541807193782,4.080088042704962,-107.64752463336058,219.29504926672115,223.1587005321698,1.0,3.6601628789203793
186,100,-40.67329664598726,85.34659329197451,89.46747931306736,0.050569528956844856,0.4850231171699194,-69.91126753904503,143.82253507809006,147.9434210991829,0.01710941817482647,0.8901454668695152,-73.3373565686585,150.674713137317,154.79559915840986,0.04999217957139595,0.9762672163822018,-69.3607481213394,142.7214962426788,146.84238226377164,0.039321047181495546,0.8694647415881932
187,151,-97.68024645221728,199.36049290443455,203.44659544010366,0.2980666563702161,1.515650930817046,-102.29172487558507,208.58344975117015,212.66955228683926,0.0,1.7538424806806447,-112.61381918435926,229.22763836871852,233.31374090438763,0.9423540673759284,2.79379963260919,-95.55971778828292,195.11943557656585,199.20553811223496,0.1366019540043878,1.4311051989586236
188,119,-92.27594944859845,188.5518988971969,192.6026022786672,0.4430126561031584,1.265792779262297,-93.70332721553149,191.40665443106298,195.45735781253327,0.035526644593071775,1.308684398828406,-88.26414819824666,180.52829639649332,184.57899977796362,0.03667839636654028,1.1857726226533196,-88.86960558550537,181.73921117101074,185.78991455248104,0.192364325618985,1.1957557339464138
189,174,-56.32019589777146,116.64039179554293,120.72649433121202,0.401881032972635,0.6502291310355657,-69.3147982671747,142.6295965343494,146.7156990700185,0.03914223002424958,0.8166511859082335,-75.20944574832814,154.41889149665627,158.50499403232538,0.027972606592706763,0.9069264819988123,-71.23661007449039,146.47322014898077,150.55932268464989,0.044827021774030085,0.8453267808239106
190,153,-55.61887901654936,115.23775803309871,119.02139862931996,0.28828461962335,0.7598014516324789,-40.48825824693542,84.97651649387085,88.7601570900921,0.4811038622495844,0.5643729005765308,-41.097410238306786,86.19482047661357,89.97846107283482,0.26082081597637796,0.5747630167817525,-74.80817296648456,153.61634593296912,157.3999865291904,0.13258584818632285,1.240508479878175
191,165,-52.37276448737903,108.74552897475806,112.8664149958509,0.6002620632537843,0.5993875427472158,-53.12078017586383,110.24156035172766,114.3624463728205,0.09275952851755143,0.6101110080923781,-56.850525134098774,117.70105026819755,121.82193628929039,0.09659426751503772,0.652062540556398,-52.03729001561661,108.07458003123322,112.19546605232607,0.08639487922358335,0.596164565662742
192,156,-32.42566488653305,68.8513297730661,72.9374323087352,0.4160383617700712,0.4333364906102347,-34.34857273936857,72.69714547873714,76.78324801440624,0.1647750226938488,0.4620221022962781,-37.06071629536477,78.12143259072954,82.20753512639864,0.1747460424010041,0.47516481473173616,-43.31200398152181,90.62400796304362,94.71011049871272,0.05186093714398685,0.5320686768720363
193,95,-60.45939220598983,124.91878441197966,128.8593682390839,0.3615590981274089,0.7649263918213736,-60.64902677428963,125.29805354857926,129.2386373756835,0.11455019409596065,0.7716943577336052,-60.22851276252646,124.45702552505291,128.39760935215716,0.12460543269929003,0.7690257816612747,-64.4742371817916,132.9484743635832,136.88905819068742,0.20160043202419217,0.8309843279966335
194,103,-10.086008471415234,24.172016942830467,28.292902963923304,0.1,0.3524375172391953,-10.086008471415234,24.172016942830467,28.292902963923304,0.1,0.3524375172391953,-31.194105270294582,66.38821054058917,70.509096561682,0.1,0.45824531696875226,-10.086008471415234,24.172016942830467,28.292902963923304,0.1,0.3524375172391953
195,158,-27.631021115872556,59.26204223174511,63.34814476741421,1.0,0.001,-27.631021115872556,59.26204223174511,63.34814476741421,0.1,0.001,-28.667644112022828,61.335288224045655,65.42139075971475,0.1,0.4465570381964074,-27.631021115872556,59.26204223174511,63.34814476741421,0.0,0.001
196,132,-112.5994373508873,229.1988747017746,233.31976072286744,0.5735157913628881,2.032457015192005,-114.26558026880784,232.53116053761568,236.65204655870852,0.004592076712946042,2.193647852172657,-115.1908503948087,234.3817007896174,238.50258681071026,0.0006116943208413664,2.3219457045808687,-113.92852826984893,231.85705653969785,235.9779425607907,0.057487636716764226,2.1800755097497744
197,184,-91.15177334918263,186.30354669836527,190.35425007983557,0.08133931144012273,1.267156517265728,-106.3033527299691,216.6067054599382,220.6574088414085,0.039948732046356385,1.9289166764641887,-106.571440818768,217.142881637536,221.1935850190063,0.03426017357427401,2.01420500332369,-104.72965493010173,213.45930986020346,217.51001324167376,0.10904215708059598,1.8321865559621788
198,130,-77.00420629199532,158.00841258399063,161.91090002115348,0.21989339134518696,1.110950901708467,-91.99345402234674,187.98690804469348,191.88939548185633,0.023899470773053415,1.8918787333751905,-91.25753636783136,186.51507273566273,190.41756017282557,0.022260617768730794,1.76546107238838,-104.910264106398,213.820528212796,217.72301564995885,0.0053105853462867714,3.3172410993020627
199,177,-92.61790608127714,189.23581216255428,192.97821418437007,0.9710774002445067,2.1696544264577926,-92.0931695707147,188.1863391414294,191.92874116324518,0.02364424388370591,2.120613913145604,-94.9354934478246,193.8709868956492,197.613388917465,0.06958908673811766,2.2357172813775295,-92.53324630360187,189.06649260720374,192.80889462901953,0.14933899126107153,2.1636564765041255
200,107,-60.194336077880564,124.38867215576113,128.50955817685397,0.7836971613696989,0.6901445031252845,-59.84110603691006,123.68221207382012,127.80309809491297,0.013419813310565023,0.6864892958363158,-66.83082688819584,137.6616537763917,141.78253979748453,0.008440704931797407,0.7964159417945643,-62.02680829784889,128.05361659569778,132.17450261679062,0.0,0.7156630334173077
201,143,-49.955684887291056,103.91136977458211,107.99747231025121,0.6751835335584062,0.5864751943117201,-51.49097069300828,106.98194138601656,111.06804392168566,0.04854176729868542,0.6014134928889395,-57.062393898532264,118.12478779706453,122.21089033273363,0.6855394533367748,0.6649024524245065,-52.48255382735598,108.96510765471196,113.05121019038106,0.0,0.6131279540706362
202,105,-88.46873708229202,180.93747416458405,185.0583601856769,0.1527370576758145,1.1625576885265403,-110.37380670203866,224.74761340407733,228.86849942517017,0.05815274986562271,2.006225497318627,-112.07648291969647,228.15296583939295,232.2738518604858,0.060573261934233215,2.105356509068582,-113.30966893764088,230.61933787528176,234.7402238963746,0.08356576318342013,2.275843006997862
203,209,-97.15321714595832,198.30643429191664,202.32110066238158,0.26197295335749027,1.5095703975900536,-98.1837568110327,200.3675136220654,204.38217999253033,0.06407078112057013,1.6051016786159802,-102.36817260192025,208.7363452038405,212.75101157430544,0.06303898303873515,1.810775120368166,-98.78448208998337,201.56896417996674,205.58363055043168,0.19195591598358283,1.6102152716209988
204,186,-90.6043360513585,185.208672102717,189.32955812380985,0.1348915887291799,1.169695009297411,-109.0032572873162,222.0065145746324,226.12740059572525,0.009060717470845867,1.961706001035056,-109.667436513274,223.334873026548,227.45575904764084,0.011547084581317804,2.014619978420128,-109.13884909819078,222.27769819638155,226.3985842174744,0.4503051097830251,1.9517464223814145
205,129,-108.45398742756372,220.90797485512743,225.02886087622028,0.0,2.555983030203654,-113.85904338917695,231.7180867783539,235.83897279944674,0.021245187932625476,2.5969489868281417,-111.62276216845933,227.24552433691866,231.3664103580115,0.021426402538752873,2.3728873740311984,-116.63516689611764,237.27033379223528,241.39121981332812,1.0,3.1228255839017955
206,133,-127.15708262755787,258.31416525511577,262.4350512762086,0.0,7.615483698202838,-122.62696277692847,249.25392555385693,253.37481157494977,0.007913213457467788,3.809709547032732,-124.61322598726518,253.22645197453036,257.3473379956232,0.009649952523604241,4.453668248228989,-128.05870751500362,260.11741503000724,264.23830105110005,0.0,10.0
207,173,-101.44723931336897,206.89447862673794,210.83506245384217,0.051600498312387735,2.041659774929677,-111.94236313261982,227.88472626523964,231.82531009234387,0.010193080972346618,4.290207560951065,-110.90147020031856,225.8029404006371,229.74352422774135,0.0031707802185365567,3.8714574907312653,-112.3116235867314,228.6232471734628,232.56383100056703,0.5962625871302729,4.490005052069073
208,161,-70.12758961619608,144.25517923239215,148.376065253485,0.07078093120059298,0.8108210532799399,-89.02231269670636,182.04462539341273,186.16551141450557,0.0398214687281084,1.170391681476966,-88.65587318276951,181.31174636553902,185.43263238663187,0.03633626947011132,1.1622569361936286,-109.23316930490608,222.46633860981217,226.587224630905,0.04579791028929267,2.058742363448669
209,185,-127.5269370025634,259.0538740051268,263.17476002621964,1.0,10.0,-127.47838093866405,258.95676187732806,263.07764789842093,0.05734416515335352,10.0,-127.5960339700964,259.1920679401928,263.31295396128564,0.15379213842471337,10.0,-127.41723183585474,258.8344636717095,262.9553496928023,0.8881843818060917,10.0
